n_samples,k,tau,original_time,optimized_time,speedup
5.000000000000000000e+02,8.000000000000000000e+00,1.000000000000000056e-01,1.133883633300138172e+01,1.300903108300553868e+01,8.716126712783375252e-01
5.000000000000000000e+02,8.000000000000000000e+00,5.000000000000000000e-01,1.002227833299548365e+01,1.070555412500107195e+01,9.361755791407462279e-01
5.000000000000000000e+02,1.000000000000000000e+01,1.000000000000000056e-01,5.617229665993363596e+00,5.791558040997188073e+00,9.698995721410730297e-01
5.000000000000000000e+02,1.000000000000000000e+01,5.000000000000000000e-01,5.170461457993951626e+00,5.507341290998738259e+00,9.388307687494532594e-01
7.500000000000000000e+02,8.000000000000000000e+00,1.000000000000000056e-01,4.032575170900236117e+01,3.595255924999946728e+01,1.121637862511914552e+00
7.500000000000000000e+02,8.000000000000000000e+00,5.000000000000000000e-01,3.793028287500055740e+01,3.620838433300377801e+01,1.047555243729206609e+00
7.500000000000000000e+02,1.000000000000000000e+01,1.000000000000000056e-01,3.186406325000280049e+01,2.882249695800419431e+01,1.105527508474727805e+00
7.500000000000000000e+02,1.000000000000000000e+01,5.000000000000000000e-01,2.960649958299472928e+01,2.760333012499904726e+01,1.072569847512039987e+00
