n,k,tau,original_time,optimized_time
500,8,0.1,13.489244083000813,11.326016167000489
500,8,0.5,9.635423957999592,15.79787437500272
500,10,0.1,7.52335045899963,9.059834916999534
500,10,0.5,6.04227649999666,7.834130541999912
750,8,0.1,47.729233750000276,44.35048354199898
750,8,0.5,44.56806862499798,41.25681341699965
750,10,0.1,39.55583395800204,37.022597291997954
750,10,0.5,33.657367625000916,32.2681220830018
